<?xml version="1.0" encoding="UTF-8"?>
<beans xmlns="http://www.springframework.org/schema/beans"  
xmlns:xsi="http://www.w3.org/2001/XMLSchema-instance"
xsi:schemaLocation="http://www.springframework.org/schema/beans  
http://www.springframework.org/schema/beans/spring-beans.xsd"
>
	<!-- scope속성에 prototype이라 쓰면 bean을 사용할때 마다 새로운 빈이 생성됩니다 -->
	<bean class="ex01.SpringTest" scope="prototype"/>
	
	<!-- 호텔, 쉐프 생성자 주입 -->
	<bean id="chef" class="ex02.construct.Chef"/>
	
	<bean id="hotel" class="ex02.construct.Hotel">
		<constructor-arg ref="chef"/>
	</bean>
	
	<!-- dao, databaseDev 세터 주입 -->
	<bean id="db" class="ex03.setter.DatabaseDev">
		<property name="url" value="bean으로넣은데이터베이스주소"/>
		<property name="uid" value="bean으로넣은아이디"/>
		<property name="upw" value="bean으로넣은비밀번호"/>
	</bean>
	
	<bean id="memberDAO" class="ex03.setter.MemberDAO">
		<property name="ds" ref="db"></property>
	</bean>
	
	<!-- 문제  -->
	<bean id="bt1" class="ex04.quiz.Battery1"/>
	<bean id="bt2" class="ex04.quiz.Battery2"/>
	
	<bean id="car" class="ex04.quiz.Car">
		<constructor-arg ref="bt1"/>
	</bean>
	<bean id="ap" class="ex04.quiz.Airplane">
		<property name="battery" ref="bt2"/>
	</bean>
	

</beans>