<?xml version="1.0" encoding="UTF-8"?>
<beans:beans xmlns="http://www.springframework.org/schema/mvc"
	xmlns:xsi="http://www.w3.org/2001/XMLSchema-instance"
	xmlns:beans="http://www.springframework.org/schema/beans"
	xmlns:context="http://www.springframework.org/schema/context"
	xsi:schemaLocation="http://www.springframework.org/schema/mvc https://www.springframework.org/schema/mvc/spring-mvc.xsd
		http://www.springframework.org/schema/beans https://www.springframework.org/schema/beans/spring-beans.xsd
		http://www.springframework.org/schema/context https://www.springframework.org/schema/context/spring-context.xsd">

	<!-- DispatcherServlet Context: defines this servlet's request-processing infrastructure -->
	
	<!-- Enables the Spring MVC @Controller programming model -->
	<annotation-driven />

	<!-- Handles HTTP GET requests for /resources/** by efficiently serving up static resources in the ${webappRoot}/resources directory -->
	<resources mapping="/resources/**" location="/resources/" />
	
	<!-- 타일즈 탬플릿의 설정 -->
	<beans:bean class="org.springframework.web.servlet.view.tiles3.TilesConfigurer">
		<beans:property name="definitions">
			<beans:list>
				<beans:value>/WEB-INF/tiles/tiles.xml</beans:value><!-- 타일즈 템플릿 설정 파일 경로 -->
			</beans:list>
		</beans:property>
	</beans:bean>
	
	<!-- 타일즈 설정 -->
	<!-- 2가지 이상의 뷰리졸버를 설정하려면 UrlBasedViewResolver 사용 (#1 순서를 지정 )-->
	<beans:bean class="org.springframework.web.servlet.view.UrlBasedViewResolver">
		<beans:property name="viewClass" value="org.springframework.web.servlet.view.tiles3.TilesView"/>
		<beans:property name="order" value="1"/><!--#1 첫번째로 동작  -->
	</beans:bean>
	
	<!-- 기존 뷰리졸버 -->
	<beans:bean class="org.springframework.web.servlet.view.InternalResourceViewResolver">
		<beans:property name="prefix" value="/WEB-INF/views/" />
		<beans:property name="suffix" value=".jsp" />
		<beans:property name="order" value="2"/><!--#1 두번째로 동작  -->
	</beans:bean>
	
<!-- 	<context:component-scan base-package="com.team404.controller" />
	<context:component-scan base-package="com.team404.freeboard.service" /> -->
	
	<!-- include는 해당 어노테이션만 읽도록 추가,exclude는 해당 어노테이션을 제외 -->
	<context:component-scan base-package="com.team404.*">

		<context:include-filter expression="org.springframework.stereotype.Controller" type="annotation"/>

		<context:include-filter expression="org.springframework.stereotype.Service" type="annotation"/>

		<context:include-filter expression="org.springframework.stereotype.Repository" type="annotation"/>
		
		<context:include-filter expression="org.springframework.stereotype.Component" type="annotation"/>

	</context:component-scan>
			
	<beans:bean id="multipartResolver" class="org.springframework.web.multipart.commons.CommonsMultipartResolver">
		<!--  최대 업로드 가능한 크기 지정-->
		<beans:property name="maxUploadSize" value="52428800"/>
		<!-- 인코딩 설정 -->
		<beans:property name="defaultEncoding" value="UTF-8"/>
	</beans:bean>
	
</beans:beans>
