<?xml version="1.0" encoding="UTF-8"?>
<beans xmlns="http://www.springframework.org/schema/beans"
	xmlns:xsi="http://www.w3.org/2001/XMLSchema-instance"
	xmlns:mvc="http://www.springframework.org/schema/mvc"
	xsi:schemaLocation="http://www.springframework.org/schema/mvc http://www.springframework.org/schema/mvc/spring-mvc-4.3.xsd
		http://www.springframework.org/schema/beans http://www.springframework.org/schema/beans/spring-beans.xsd">
	<!-- 1. 스프링 설정파일을 2개 이상 지정하려면 web.xml에 추가하면 됩니다 -->
	<!-- 인터셉터 기능은 mvc에 있기 때문에 namespace mvc를 추가 -->
	
	<!--  인터셉터 클래스를 빈으로 생성 -->
	<bean id="LoginInterceptor" class="com.simple.common.util.LoginInterceptor"/>
	<mvc:interceptors>
		<mvc:interceptor>
			<mvc:mapping path="/session/mypage"/><!--  어떤 경로에서 인터셉터를 실행시킬 건가-->
			<!-- <mvc:mapping path="/session/updatePage"/> -->
			<ref bean="LoginInterceptor"/>
		</mvc:interceptor>
	</mvc:interceptors>
</beans>
