<?xml version="1.0" encoding="UTF-8"?>
<beans:beans xmlns="http://www.springframework.org/schema/mvc"
	xmlns:xsi="http://www.w3.org/2001/XMLSchema-instance"
	xmlns:beans="http://www.springframework.org/schema/beans"
	xmlns:context="http://www.springframework.org/schema/context"
	xsi:schemaLocation="http://www.springframework.org/schema/mvc https://www.springframework.org/schema/mvc/spring-mvc.xsd
		http://www.springframework.org/schema/beans https://www.springframework.org/schema/beans/spring-beans.xsd
		http://www.springframework.org/schema/context https://www.springframework.org/schema/context/spring-context.xsd">
	
	
	<!-- 1. 핸들러 어댑터, 핸들러맵핑 관련 작업을 내부적으로 처리. mvc에서 제공하는 어노테이션을 사용하도록 해줍니다. -->
	<annotation-driven />

	<!-- 정적파일 맵핑 설정 -->	
	<resources mapping="/resources/**" location="/resources/" />

	<!-- 뷰 합성기 -->
	<beans:bean class="org.springframework.web.servlet.view.InternalResourceViewResolver">
		<beans:property name="prefix" value="/WEB-INF/views/" />
		<beans:property name="suffix" value=".jsp" />
	</beans:bean>
	
	<!-- @Controller, @Componenet, @Repository, @Service 어노테이션이 부착되있는 클래스를 bean으로 생성합니다. ★ -->
	<context:component-scan base-package="com.simple.controller" />
	<context:component-scan base-package="com.simple.service" />
	<context:component-scan base-package="com.simple.dao" />
	<context:component-scan base-package="com.team404.*">

		<context:include-filter expression="org.springframework.stereotype.Controller" type="annotation"/>

		<context:include-filter expression="org.springframework.stereotype.Service" type="annotation"/>

		<context:include-filter expression="org.springframework.stereotype.Repository" type="annotation"/>
		
		<context:include-filter expression="org.springframework.stereotype.Component" type="annotation"/>

	</context:component-scan>
	
	<!-- 서비스 클래스를 bean으로 생성 -->
	<!-- 
	<beans:bean id="service" class="com.simple.service.ScoreServiceImpl" />
	 -->
	 <beans:bean id="multipartResolver" class="org.springframework.web.multipart.commons.CommonsMultipartResolver">
		<!--  최대 업로드 가능한 크기 지정-->
		<beans:property name="maxUploadSize" value="52428800"/>
		<!-- 인코딩 설정 -->
		<beans:property name="defaultEncoding" value="UTF-8"/>
	</beans:bean>
	
	
	
	
</beans:beans>
