<?xml version="1.0" encoding="UTF-8"?>
<!DOCTYPE mapper
  PUBLIC "-//mybatis.org//DTD Mapper 3.0//EN"
  "http://mybatis.org/dtd/mybatis-3-mapper.dtd">
  
  <mapper namespace = "com.team404.freeboard.mapper.FreeBoardMapper">
  	<insert id="regist">
  		insert  into FREEBOARD(bno,title,writer,content) 
  		values(FREEBOARD_SEQ1.nextval, #{title},#{writer},#{content})
  	</insert>
  	<select id="getList" resultType="FreeBoardVO">
  		
  		<![CDATA[
  		select * from 
  			(select rownum as rn, a.* from
  				(select * from FREEBOARD
  		]]> 
  		<!-- 동적쿼리부문 조건에는 map의 키값이나 vo의 setter값의 이름이 전달됩니다  -->
  		<if test="searchType == 'title'">where title like '%'|| #{searchName} ||'%'</if>
  		<if test="searchType == 'writer'">where writer like '%'|| #{searchName} ||'%'</if>
  		<if test="searchType == 'content'">where content like '%'|| #{searchName} ||'%'</if>
  		<if test="searchType == 'ticont'">where title like '%'|| #{searchName} ||'%' or content like '%'|| #{searchName} ||'%'</if>
  		<if test="searchType == null or searchType == ''">where 1 = 1</if>
		<!-- <choose>
			<when test=""></when>
			<when test=""></when>
			<when test=""></when>
			<otherwise></otherwise>
		</choose>  		 -->		
  		<![CDATA[		
  				order by bno desc) a
  				) 
  		where rn > (#{pageNum} -1)*#{amount} and rn<= #{pageNum}*#{amount}
  		]]>
  		
  	</select>
  	<select id="getContent" resultType="FreeBoardVO">
  		select * from FREEBOARD where bno=#{bno}
  	</select>
  	<update id="update">
  		update FREEBOARD set 
  		writer = #{writer}, 
  		title = #{title},
  		content = #{content}, 
  		updatedate = sysdate 
  		where bno =#{bno}
  	</update>
  	<delete id="delete">
  		delete from FREEBOARD where bno = #{bno}
  	</delete>
  	<select id="getTotal" resultType="int">
  		select count(*) as total from FREEBOARD
  		<if test="searchType == 'title'">where title like '%'|| #{searchName} ||'%'</if>
  		<if test="searchType == 'writer'">where writer like '%'|| #{searchName} ||'%'</if>
  		<if test="searchType == 'content'">where content like '%'|| #{searchName} ||'%'</if>
  		<if test="searchType == 'ticont'">where title like '%'|| #{searchName} ||'%' or content like '%'|| #{searchName} ||'%'</if>
  		<if test="searchType == null or searchType == ''">where 1 = 1</if>
  	</select>
  </mapper>